{"stat.mineBlock.1":10,"stat.drop":18,"stat.killEntity.PigZombie":3,"stat.fallOneCm":844,"stat.flyOneCm":18591,"achievement.openInventory":9,"stat.mineBlock.3":32,"stat.jump":30,"stat.mineBlock.17":6,"achievement.exploreAllBiomes":{"value":0,"progress":["Forest","Plains"]},"stat.mobKills":3,"stat.useItem.58":1,"stat.damageTaken":270,"stat.walkOneCm":23972,"stat.deaths":1,"stat.useItem.61":2,"stat.playOneMinute":9388,"stat.damageDealt":900,"stat.entityKilledBy.PigZombie":1,"achievement.mineWood":8}